timestamp_iso,event_id,event_title,event_slug,dominant_outcome,dominant_side,last_price,base_price,price_jump,recent_volume,dominance,signal_type,signal_reason,news_titles
2025-12-11T19:43:46Z,102587,Bitcoin above ___ on December 18?,bitcoin-above-on-december-18,Yes,BUY,0.790000,0.535000,0.255000,347.115725,0.868714,NEUTRAL_WATCH,"side=BUY, outcome=Yes; jump=0.255, last=0.790, dominance=0.87, vol=347.1; BUY run but price already relatively high","Stocks Finish Higher as Price Pressures Ease | Stocks Rally on Benign Inflation News | Share Market Highlights: Markets end marginally higher; Sensex closes at 85,265, Nifty at 26,034"
2025-12-12T11:11:47Z,103135,"Bitcoin Up or Down - December 13, 6:00AM-6:15AM ET",btc-updown-15m-1765623600,Down,SELL,0.490000,0.500000,-0.010000,10.000000,0.500000,CAUTION_BEARISH_SIGNAL,"side=SELL, outcome=Down; jump=-0.010, last=0.490, dominance=0.50, vol=10.0; dominant SELL flow during run window",
2025-12-12T22:38:36Z,103663,Counter-Strike: FaZe vs Natus Vincere (BO3),cs2-faze-navi-2025-12-13,Natus Vincere,BUY,0.655226,0.551742,0.103484,557.857140,1.000000,AGGRESSIVE_BULLISH_SIGNAL,"side=BUY, outcome=Natus Vincere; jump=0.103, last=0.655, dominance=1.00, vol=557.9; strong BUY run, price still below 0.7",
2025-12-12T22:43:39Z,103663,Counter-Strike: FaZe vs Natus Vincere (BO3),cs2-faze-navi-2025-12-13,Natus Vincere,BUY,0.690000,0.586307,0.103693,14.492751,1.000000,AGGRESSIVE_BULLISH_SIGNAL,"side=BUY, outcome=Natus Vincere; jump=0.104, last=0.690, dominance=1.00, vol=14.5; strong BUY run, price still below 0.7",
2025-12-12T22:48:44Z,103663,Counter-Strike: FaZe vs Natus Vincere (BO3),cs2-faze-navi-2025-12-13,Natus Vincere,BUY,0.605313,0.555067,0.050245,289.769228,0.879214,AGGRESSIVE_BULLISH_SIGNAL,"side=BUY, outcome=Natus Vincere; jump=0.050, last=0.605, dominance=0.88, vol=289.8; strong BUY run, price still below 0.7",
2025-12-12T22:53:50Z,103663,Counter-Strike: FaZe vs Natus Vincere (BO3),cs2-faze-navi-2025-12-13,Natus Vincere,BUY,0.600000,0.563210,0.036790,81.666660,1.000000,AGGRESSIVE_BULLISH_SIGNAL,"side=BUY, outcome=Natus Vincere; jump=0.037, last=0.600, dominance=1.00, vol=81.7; strong BUY run, price still below 0.7",
2025-12-12T22:58:54Z,103663,Counter-Strike: FaZe vs Natus Vincere (BO3),cs2-faze-navi-2025-12-13,Natus Vincere,BUY,0.620000,0.568346,0.051654,3569.614677,0.579787,AGGRESSIVE_BULLISH_SIGNAL,"side=BUY, outcome=Natus Vincere; jump=0.052, last=0.620, dominance=0.58, vol=3569.6; strong BUY run, price still below 0.7",
2025-12-12T23:03:57Z,103663,Counter-Strike: FaZe vs Natus Vincere (BO3),cs2-faze-navi-2025-12-13,Natus Vincere,BUY,0.610000,0.594994,0.015006,24.590161,1.000000,AGGRESSIVE_BULLISH_SIGNAL,"side=BUY, outcome=Natus Vincere; jump=0.015, last=0.610, dominance=1.00, vol=24.6; strong BUY run, price still below 0.7",
2025-12-12T23:08:57Z,103663,Counter-Strike: FaZe vs Natus Vincere (BO3),cs2-faze-navi-2025-12-13,Natus Vincere,BUY,0.600000,0.576811,0.023189,2366.666665,0.704225,AGGRESSIVE_BULLISH_SIGNAL,"side=BUY, outcome=Natus Vincere; jump=0.023, last=0.600, dominance=0.70, vol=2366.7; strong BUY run, price still below 0.7",
2025-12-12T23:14:01Z,103663,Counter-Strike: FaZe vs Natus Vincere (BO3),cs2-faze-navi-2025-12-13,FaZe,BUY,0.400000,0.476250,-0.076250,2551.990000,0.994322,NEUTRAL_WATCH,"side=BUY, outcome=FaZe; jump=-0.076, last=0.400, dominance=0.99, vol=2552.0; no clear directional bias; treat as neutral watch",
2025-12-12T23:47:53Z,103663,Counter-Strike: FaZe vs Natus Vincere (BO3),cs2-faze-navi-2025-12-13,FaZe,BUY,0.400000,0.425455,-0.025455,285.000000,1.000000,NEUTRAL_WATCH,"side=BUY, outcome=FaZe; jump=-0.025, last=0.400, dominance=1.00, vol=285.0; no clear directional bias; treat as neutral watch",
2025-12-12T23:52:57Z,103663,Counter-Strike: FaZe vs Natus Vincere (BO3),cs2-faze-navi-2025-12-13,FaZe,BUY,0.400000,0.427778,-0.027778,6.575000,1.000000,NEUTRAL_WATCH,"side=BUY, outcome=FaZe; jump=-0.028, last=0.400, dominance=1.00, vol=6.6; no clear directional bias; treat as neutral watch",
2025-12-13T00:23:57Z,103663,Counter-Strike: FaZe vs Natus Vincere (BO3),cs2-faze-navi-2025-12-13,Natus Vincere,BUY,0.600000,0.464286,0.135714,234.804877,0.796406,AGGRESSIVE_BULLISH_SIGNAL,"side=BUY, outcome=Natus Vincere; jump=0.136, last=0.600, dominance=0.80, vol=234.8; strong BUY run, price still below 0.7",
2025-12-13T00:25:49Z,103637,Liberal majority in Canadian Parliament by June 30?,liberal-majority-in-canadian-parliament-by-june-30,No,BUY,0.500000,0.520000,-0.020000,30.000000,1.000000,NEUTRAL_WATCH,"side=BUY, outcome=No; jump=-0.020, last=0.500, dominance=1.00, vol=30.0; no clear directional bias; treat as neutral watch",
2025-12-13T00:29:01Z,103663,Counter-Strike: FaZe vs Natus Vincere (BO3),cs2-faze-navi-2025-12-13,FaZe,BUY,0.410000,0.486000,-0.076000,111.000000,1.000000,NEUTRAL_WATCH,"side=BUY, outcome=FaZe; jump=-0.076, last=0.410, dominance=1.00, vol=111.0; no clear directional bias; treat as neutral watch",
2025-12-13T00:34:02Z,103663,Counter-Strike: FaZe vs Natus Vincere (BO3),cs2-faze-navi-2025-12-13,FaZe,BUY,0.530000,0.482027,0.047973,6054.804112,0.996884,AGGRESSIVE_BULLISH_SIGNAL,"side=BUY, outcome=FaZe; jump=0.048, last=0.530, dominance=1.00, vol=6054.8; strong BUY run, price still below 0.7",
2025-12-13T00:39:04Z,103663,Counter-Strike: FaZe vs Natus Vincere (BO3),cs2-faze-navi-2025-12-13,FaZe,BUY,0.410000,0.436837,-0.026837,291.142856,1.000000,NEUTRAL_WATCH,"side=BUY, outcome=FaZe; jump=-0.027, last=0.410, dominance=1.00, vol=291.1; no clear directional bias; treat as neutral watch",
2025-12-13T00:44:05Z,103663,Counter-Strike: FaZe vs Natus Vincere (BO3),cs2-faze-navi-2025-12-13,FaZe,BUY,0.410000,0.432364,-0.022364,2464.884389,1.000000,NEUTRAL_WATCH,"side=BUY, outcome=FaZe; jump=-0.022, last=0.410, dominance=1.00, vol=2464.9; no clear directional bias; treat as neutral watch",
2025-12-13T00:49:12Z,103663,Counter-Strike: FaZe vs Natus Vincere (BO3),cs2-faze-navi-2025-12-13,Natus Vincere,BUY,0.600000,0.443333,0.156667,16.666665,1.000000,AGGRESSIVE_BULLISH_SIGNAL,"side=BUY, outcome=Natus Vincere; jump=0.157, last=0.600, dominance=1.00, vol=16.7; strong BUY run, price still below 0.7",
2025-12-13T00:54:16Z,103663,Counter-Strike: FaZe vs Natus Vincere (BO3),cs2-faze-navi-2025-12-13,FaZe,BUY,0.410000,0.446667,-0.036667,486.977271,1.000000,NEUTRAL_WATCH,"side=BUY, outcome=FaZe; jump=-0.037, last=0.410, dominance=1.00, vol=487.0; no clear directional bias; treat as neutral watch",
2025-12-13T00:59:20Z,103663,Counter-Strike: FaZe vs Natus Vincere (BO3),cs2-faze-navi-2025-12-13,Natus Vincere,BUY,0.600000,0.468571,0.131429,192.317070,0.961953,AGGRESSIVE_BULLISH_SIGNAL,"side=BUY, outcome=Natus Vincere; jump=0.131, last=0.600, dominance=0.96, vol=192.3; strong BUY run, price still below 0.7",
2025-12-13T01:04:20Z,103663,Counter-Strike: FaZe vs Natus Vincere (BO3),cs2-faze-navi-2025-12-13,FaZe,BUY,0.410000,0.437778,-0.027778,423.944565,1.000000,NEUTRAL_WATCH,"side=BUY, outcome=FaZe; jump=-0.028, last=0.410, dominance=1.00, vol=423.9; no clear directional bias; treat as neutral watch",
2025-12-13T17:45:40Z,104233,Highest temperature in London on December 14?,highest-temperature-in-london-on-december-14,No,BUY,0.950980,0.970530,-0.019549,51.331400,1.000000,NEUTRAL_WATCH,"side=BUY, outcome=No; jump=-0.020, last=0.951, dominance=1.00, vol=51.3; no clear directional bias; treat as neutral watch","The recombinant zoster vaccine induces trained immunity in monocytes through persistent downregulation of TGFβ | Meteorological and environmental drivers of West Nile virus prevalence in Culex pipiens mosquitoes in Emilia-Romagna, Italy in 2013 to 2022 | Post-copulatory competition in a social monogamy system: Sperm morphology correlates with components of reproductive success"
2025-12-13T17:58:27Z,104238,Highest temperature in NYC on December 14?,highest-temperature-in-nyc-on-december-14,No,BUY,0.989868,0.975630,0.014238,30.400000,1.000000,NEUTRAL_WATCH,"side=BUY, outcome=No; jump=0.014, last=0.990, dominance=1.00, vol=30.4; BUY run but price already relatively high",
2025-12-13T17:58:27Z,104233,Highest temperature in London on December 14?,highest-temperature-in-london-on-december-14,Yes,BUY,0.543396,0.863614,-0.320218,11.041650,1.000000,NEUTRAL_WATCH,"side=BUY, outcome=Yes; jump=-0.320, last=0.543, dominance=1.00, vol=11.0; no clear directional bias; treat as neutral watch","The recombinant zoster vaccine induces trained immunity in monocytes through persistent downregulation of TGFβ | Meteorological and environmental drivers of West Nile virus prevalence in Culex pipiens mosquitoes in Emilia-Romagna, Italy in 2013 to 2022 | Post-copulatory competition in a social monogamy system: Sperm morphology correlates with components of reproductive success"
2025-12-13T18:04:00Z,104238,Highest temperature in NYC on December 14?,highest-temperature-in-nyc-on-december-14,No,BUY,0.963054,0.906585,0.056470,203.278985,1.000000,NEUTRAL_WATCH,"side=BUY, outcome=No; jump=0.056, last=0.963, dominance=1.00, vol=203.3; BUY run but price already relatively high",
2025-12-13T18:22:22Z,104274,LoL: Hanwha Life Esports vs T1 (BO5),lol-hle1-t1-2025-12-14,Hanwha Life Esports,SELL,0.550000,0.487500,0.062500,120.000000,0.833333,CAUTION_BEARISH_SIGNAL,"side=SELL, outcome=Hanwha Life Esports; jump=0.062, last=0.550, dominance=0.83, vol=120.0; dominant SELL flow during run window",
2025-12-13T18:27:27Z,104274,LoL: Hanwha Life Esports vs T1 (BO5),lol-hle1-t1-2025-12-14,Hanwha Life Esports,BUY,0.600000,0.510000,0.090000,16.666665,1.000000,AGGRESSIVE_BULLISH_SIGNAL,"side=BUY, outcome=Hanwha Life Esports; jump=0.090, last=0.600, dominance=1.00, vol=16.7; strong BUY run, price still below 0.7",
2025-12-13T18:28:28Z,104235,Highest temperature in Seoul on December 14?,highest-temperature-in-seoul-on-december-14,No,BUY,0.980000,0.994250,-0.014250,1712.000000,1.000000,NEUTRAL_WATCH,"side=BUY, outcome=No; jump=-0.014, last=0.980, dominance=1.00, vol=1712.0; no clear directional bias; treat as neutral watch","CRE-Ter enhances murine bone differentiation, improves muscle cell atrophy, and increases irisin expression"
2025-12-13T18:30:29Z,104237,Highest temperature in Seattle on December 14?,highest-temperature-in-seattle-on-december-14,No,BUY,0.970000,0.980000,-0.010000,50.000000,1.000000,NEUTRAL_WATCH,"side=BUY, outcome=No; jump=-0.010, last=0.970, dominance=1.00, vol=50.0; no clear directional bias; treat as neutral watch",Centromeres in budding yeasts are conserved in chromosomal location but not in structure
2025-12-13T18:34:23Z,104233,Highest temperature in London on December 14?,highest-temperature-in-london-on-december-14,No,BUY,0.440000,0.859250,-0.419250,1202.272726,0.998110,NEUTRAL_WATCH,"side=BUY, outcome=No; jump=-0.419, last=0.440, dominance=1.00, vol=1202.3; no clear directional bias; treat as neutral watch","Meteorological and environmental drivers of West Nile virus prevalence in Culex pipiens mosquitoes in Emilia-Romagna, Italy in 2013 to 2022 | The recombinant zoster vaccine induces trained immunity in monocytes through persistent downregulation of TGFβ | Post-copulatory competition in a social monogamy system: Sperm morphology correlates with components of reproductive success"
2025-12-13T18:36:28Z,104237,Highest temperature in Seattle on December 14?,highest-temperature-in-seattle-on-december-14,Yes,BUY,0.020000,0.660000,-0.640000,80.000000,1.000000,NEUTRAL_WATCH,"side=BUY, outcome=Yes; jump=-0.640, last=0.020, dominance=1.00, vol=80.0; no clear directional bias; treat as neutral watch",Centromeres in budding yeasts are conserved in chromosomal location but not in structure
2025-12-13T18:43:01Z,104233,Highest temperature in London on December 14?,highest-temperature-in-london-on-december-14,No,BUY,0.999000,0.887200,0.111800,40.160000,1.000000,NEUTRAL_WATCH,"side=BUY, outcome=No; jump=0.112, last=0.999, dominance=1.00, vol=40.2; BUY run but price already relatively high","Meteorological and environmental drivers of West Nile virus prevalence in Culex pipiens mosquitoes in Emilia-Romagna, Italy in 2013 to 2022 | The recombinant zoster vaccine induces trained immunity in monocytes through persistent downregulation of TGFβ | Post-copulatory competition in a social monogamy system: Sperm morphology correlates with components of reproductive success"
2025-12-13T19:06:12Z,104233,Highest temperature in London on December 14?,highest-temperature-in-london-on-december-14,Yes,BUY,0.600000,0.574286,0.025714,108.000000,0.685185,AGGRESSIVE_BULLISH_SIGNAL,"side=BUY, outcome=Yes; jump=0.026, last=0.600, dominance=0.69, vol=108.0; strong BUY run, price still below 0.7","Meteorological and environmental drivers of West Nile virus prevalence in Culex pipiens mosquitoes in Emilia-Romagna, Italy in 2013 to 2022 | The recombinant zoster vaccine induces trained immunity in monocytes through persistent downregulation of TGFβ | Post-copulatory competition in a social monogamy system: Sperm morphology correlates with components of reproductive success"
2025-12-13T19:11:40Z,104233,Highest temperature in London on December 14?,highest-temperature-in-london-on-december-14,No,BUY,0.999000,0.422583,0.576417,408.500000,0.980171,NEUTRAL_WATCH,"side=BUY, outcome=No; jump=0.576, last=0.999, dominance=0.98, vol=408.5; BUY run but price already relatively high","The recombinant zoster vaccine induces trained immunity in monocytes through persistent downregulation of TGFβ | Meteorological and environmental drivers of West Nile virus prevalence in Culex pipiens mosquitoes in Emilia-Romagna, Italy in 2013 to 2022 | Post-copulatory competition in a social monogamy system: Sperm morphology correlates with components of reproductive success"
2025-12-14T17:32:50Z,105058,Highest temperature in London on December 15?,highest-temperature-in-london-on-december-15,No,BUY,0.999000,0.974250,0.024750,1061.719000,1.000000,NEUTRAL_WATCH,"side=BUY, outcome=No; jump=0.025, last=0.999, dominance=1.00, vol=1061.7; BUY run but price already relatively high",Predictors of early newborn deaths at Dar es Salaam public regional referral hospitals: A prospective observational hospital-based study | Proteomic profiles of Lissachatina (Heterobranchia) and Pomacea (Caenogastropoda) snails infected with Angiostrongylus cantonensis using 4D label-free quantitative analysis | The recombinant zoster vaccine induces trained immunity in monocytes through persistent downregulation of TGFβ
2025-12-14T17:34:29Z,105063,Highest temperature in NYC on December 15?,highest-temperature-in-nyc-on-december-15,No,BUY,0.999000,0.653000,0.346000,1642.052620,1.000000,NEUTRAL_WATCH,"side=BUY, outcome=No; jump=0.346, last=0.999, dominance=1.00, vol=1642.1; BUY run but price already relatively high",
2025-12-14T17:39:17Z,105058,Highest temperature in London on December 15?,highest-temperature-in-london-on-december-15,No,BUY,0.999000,0.979200,0.019800,1000.000000,1.000000,NEUTRAL_WATCH,"side=BUY, outcome=No; jump=0.020, last=0.999, dominance=1.00, vol=1000.0; BUY run but price already relatively high","Predictors of early newborn deaths at Dar es Salaam public regional referral hospitals: A prospective observational hospital-based study | Proteomic profiles of Lissachatina (Heterobranchia) and Pomacea (Caenogastropoda) snails infected with Angiostrongylus cantonensis using 4D label-free quantitative analysis | Meteorological and environmental drivers of West Nile virus prevalence in Culex pipiens mosquitoes in Emilia-Romagna, Italy in 2013 to 2022"
2025-12-14T17:39:51Z,105063,Highest temperature in NYC on December 15?,highest-temperature-in-nyc-on-december-15,No,BUY,0.990000,0.979667,0.010333,480.000000,1.000000,NEUTRAL_WATCH,"side=BUY, outcome=No; jump=0.010, last=0.990, dominance=1.00, vol=480.0; BUY run but price already relatively high",
2025-12-14T18:03:52Z,105058,Highest temperature in London on December 15?,highest-temperature-in-london-on-december-15,No,BUY,0.999000,0.500167,0.498833,277.890000,0.928029,NEUTRAL_WATCH,"side=BUY, outcome=No; jump=0.499, last=0.999, dominance=0.93, vol=277.9; BUY run but price already relatively high",Predictors of early newborn deaths at Dar es Salaam public regional referral hospitals: A prospective observational hospital-based study | Proteomic profiles of Lissachatina (Heterobranchia) and Pomacea (Caenogastropoda) snails infected with Angiostrongylus cantonensis using 4D label-free quantitative analysis | The recombinant zoster vaccine induces trained immunity in monocytes through persistent downregulation of TGFβ
2025-12-14T18:05:32Z,105063,Highest temperature in NYC on December 15?,highest-temperature-in-nyc-on-december-15,No,BUY,0.950000,0.823333,0.126667,46.144833,0.674937,NEUTRAL_WATCH,"side=BUY, outcome=No; jump=0.127, last=0.950, dominance=0.67, vol=46.1; BUY run but price already relatively high",
2025-12-14T18:11:05Z,105063,Highest temperature in NYC on December 15?,highest-temperature-in-nyc-on-december-15,No,BUY,0.999000,0.867250,0.131750,1046.776000,1.000000,NEUTRAL_WATCH,"side=BUY, outcome=No; jump=0.132, last=0.999, dominance=1.00, vol=1046.8; BUY run but price already relatively high",
2025-12-14T18:17:26Z,105063,Highest temperature in NYC on December 15?,highest-temperature-in-nyc-on-december-15,No,BUY,0.999000,0.983000,0.016000,1602.302000,1.000000,NEUTRAL_WATCH,"side=BUY, outcome=No; jump=0.016, last=0.999, dominance=1.00, vol=1602.3; BUY run but price already relatively high",
2025-12-14T18:20:45Z,105060,Highest temperature in Seoul on December 15?,highest-temperature-in-seoul-on-december-15,Yes,BUY,0.733921,0.411960,0.321960,23.163250,1.000000,NEUTRAL_WATCH,"side=BUY, outcome=Yes; jump=0.322, last=0.734, dominance=1.00, vol=23.2; BUY run but price already relatively high",Pharmacokinetic profiles of Moutan Cortex after single and repeated administration in a dinitrobenzene sulfonic acid-induced colitis model | MiR-125b-5p and miR-100-5p as Biomarkers and therapeutic targets for the prevention of particulate matter-induced non-smoker lung cancer
2025-12-14T18:22:57Z,105063,Highest temperature in NYC on December 15?,highest-temperature-in-nyc-on-december-15,No,BUY,0.970000,0.909167,0.060833,817.320267,1.000000,NEUTRAL_WATCH,"side=BUY, outcome=No; jump=0.061, last=0.970, dominance=1.00, vol=817.3; BUY run but price already relatively high",
2025-12-14T18:34:12Z,105063,Highest temperature in NYC on December 15?,highest-temperature-in-nyc-on-december-15,No,BUY,0.999000,0.864750,0.134250,277.697000,1.000000,NEUTRAL_WATCH,"side=BUY, outcome=No; jump=0.134, last=0.999, dominance=1.00, vol=277.7; BUY run but price already relatively high",
2025-12-15T19:02:53Z,105989,Bitcoin above ___ on December 22?,bitcoin-above-on-december-22,Yes,BUY,0.710000,0.513333,0.196667,10.000000,1.000000,NEUTRAL_WATCH,"side=BUY, outcome=Yes; jump=0.197, last=0.710, dominance=1.00, vol=10.0; BUY run but price already relatively high",ETHIAD: A novel explainable model for detecting illicit accounts on Ethereum | Stocks Mixed as Bond Yields Rise | Stocks Settle Higher on Strength in Chip Makers and Boeing
2025-12-15T19:22:50Z,105982,Ethereum above ___ on December 22?,ethereum-above-on-december-22,Yes,BUY,0.920000,0.515000,0.405000,407.000000,0.737101,NEUTRAL_WATCH,"side=BUY, outcome=Yes; jump=0.405, last=0.920, dominance=0.74, vol=407.0; BUY run but price already relatively high","ETHIAD: A novel explainable model for detecting illicit accounts on Ethereum | Vulnerability Summary for the Week of December 1, 2025"
2025-12-15T19:30:42Z,105989,Bitcoin above ___ on December 22?,bitcoin-above-on-december-22,Yes,BUY,0.760000,0.675556,0.084444,13.930000,0.569275,NEUTRAL_WATCH,"side=BUY, outcome=Yes; jump=0.084, last=0.760, dominance=0.57, vol=13.9; BUY run but price already relatively high",ETHIAD: A novel explainable model for detecting illicit accounts on Ethereum | Stocks Mixed as Bond Yields Rise | Stocks Settle Higher on Strength in Chip Makers and Boeing
2025-12-15T19:35:47Z,105989,Bitcoin above ___ on December 22?,bitcoin-above-on-december-22,No,BUY,0.630000,0.496667,0.133333,45.430000,1.000000,AGGRESSIVE_BULLISH_SIGNAL,"side=BUY, outcome=No; jump=0.133, last=0.630, dominance=1.00, vol=45.4; strong BUY run, price still below 0.7",ETHIAD: A novel explainable model for detecting illicit accounts on Ethereum | Stocks Mixed as Bond Yields Rise | Stocks Settle Higher on Strength in Chip Makers and Boeing
2025-12-15T19:43:20Z,105989,Bitcoin above ___ on December 22?,bitcoin-above-on-december-22,Yes,BUY,0.790000,0.612000,0.178000,46.250000,1.000000,NEUTRAL_WATCH,"side=BUY, outcome=Yes; jump=0.178, last=0.790, dominance=1.00, vol=46.2; BUY run but price already relatively high",ETHIAD: A novel explainable model for detecting illicit accounts on Ethereum | Stocks Mixed as Bond Yields Rise | Stocks Settle Higher on Strength in Chip Makers and Boeing
2025-12-15T19:49:00Z,105989,Bitcoin above ___ on December 22?,bitcoin-above-on-december-22,Yes,BUY,0.960000,0.892000,0.068000,5413.000000,0.981526,NEUTRAL_WATCH,"side=BUY, outcome=Yes; jump=0.068, last=0.960, dominance=0.98, vol=5413.0; BUY run but price already relatively high",ETHIAD: A novel explainable model for detecting illicit accounts on Ethereum | Stocks Mixed as Bond Yields Rise | Stocks Settle Higher on Strength in Chip Makers and Boeing
2025-12-15T19:54:50Z,105989,Bitcoin above ___ on December 22?,bitcoin-above-on-december-22,Yes,BUY,0.968000,0.901500,0.066500,50.000000,1.000000,NEUTRAL_WATCH,"side=BUY, outcome=Yes; jump=0.067, last=0.968, dominance=1.00, vol=50.0; BUY run but price already relatively high",ETHIAD: A novel explainable model for detecting illicit accounts on Ethereum | Stocks Mixed as Bond Yields Rise | Stocks Settle Higher on Strength in Chip Makers and Boeing
2025-12-15T20:01:30Z,106064,Highest temperature in London on December 17?,highest-temperature-in-london-on-december-17,No,BUY,0.990000,0.668333,0.321667,10.000000,1.000000,NEUTRAL_WATCH,"side=BUY, outcome=No; jump=0.322, last=0.990, dominance=1.00, vol=10.0; BUY run but price already relatively high",Proteomic profiles of Lissachatina (Heterobranchia) and Pomacea (Caenogastropoda) snails infected with Angiostrongylus cantonensis using 4D label-free quantitative analysis | The recombinant zoster vaccine induces trained immunity in monocytes through persistent downregulation of TGFβ
2025-12-15T20:07:36Z,106064,Highest temperature in London on December 17?,highest-temperature-in-london-on-december-17,No,BUY,0.990000,0.666667,0.323333,10.000000,1.000000,NEUTRAL_WATCH,"side=BUY, outcome=No; jump=0.323, last=0.990, dominance=1.00, vol=10.0; BUY run but price already relatively high",Proteomic profiles of Lissachatina (Heterobranchia) and Pomacea (Caenogastropoda) snails infected with Angiostrongylus cantonensis using 4D label-free quantitative analysis | The recombinant zoster vaccine induces trained immunity in monocytes through persistent downregulation of TGFβ
2025-12-16T05:58:36Z,106355,"Elon Musk # tweets December 19 - December 26, 2025?",elon-musk-of-tweets-december-19-december-26,No,BUY,0.900000,0.850654,0.049346,235.000000,0.978723,NEUTRAL_WATCH,"side=BUY, outcome=No; jump=0.049, last=0.900, dominance=0.98, vol=235.0; BUY run but price already relatively high",
2025-12-16T06:06:04Z,106355,"Elon Musk # tweets December 19 - December 26, 2025?",elon-musk-of-tweets-december-19-december-26,No,BUY,0.996000,0.941097,0.054903,1800.000000,0.958333,NEUTRAL_WATCH,"side=BUY, outcome=No; jump=0.055, last=0.996, dominance=0.96, vol=1800.0; BUY run but price already relatively high",
2025-12-16T06:15:31Z,106355,"Elon Musk # tweets December 19 - December 26, 2025?",elon-musk-of-tweets-december-19-december-26,Yes,SELL,0.950000,0.857692,0.092308,236.125942,0.656429,CAUTION_BEARISH_SIGNAL,"side=SELL, outcome=Yes; jump=0.092, last=0.950, dominance=0.66, vol=236.1; dominant SELL flow during run window",
2025-12-16T06:22:49Z,106355,"Elon Musk # tweets December 19 - December 26, 2025?",elon-musk-of-tweets-december-19-december-26,No,BUY,0.998000,0.237312,0.760688,398.920000,0.611451,NEUTRAL_WATCH,"side=BUY, outcome=No; jump=0.761, last=0.998, dominance=0.61, vol=398.9; BUY run but price already relatively high",
2025-12-16T06:30:22Z,106355,"Elon Musk # tweets December 19 - December 26, 2025?",elon-musk-of-tweets-december-19-december-26,Yes,BUY,0.998000,0.375971,0.622029,247.671332,0.881545,NEUTRAL_WATCH,"side=BUY, outcome=Yes; jump=0.622, last=0.998, dominance=0.88, vol=247.7; BUY run but price already relatively high",
2025-12-16T06:37:44Z,106355,"Elon Musk # tweets December 19 - December 26, 2025?",elon-musk-of-tweets-december-19-december-26,Yes,BUY,0.950000,0.526308,0.423692,256.824545,0.960448,NEUTRAL_WATCH,"side=BUY, outcome=Yes; jump=0.424, last=0.950, dominance=0.96, vol=256.8; BUY run but price already relatively high",
2025-12-16T06:43:05Z,106355,"Elon Musk # tweets December 19 - December 26, 2025?",elon-musk-of-tweets-december-19-december-26,No,BUY,0.999000,0.605090,0.393910,82.266000,1.000000,NEUTRAL_WATCH,"side=BUY, outcome=No; jump=0.394, last=0.999, dominance=1.00, vol=82.3; BUY run but price already relatively high",
2025-12-16T06:48:23Z,106355,"Elon Musk # tweets December 19 - December 26, 2025?",elon-musk-of-tweets-december-19-december-26,No,BUY,0.997000,0.837347,0.159653,30.260500,1.000000,NEUTRAL_WATCH,"side=BUY, outcome=No; jump=0.160, last=0.997, dominance=1.00, vol=30.3; BUY run but price already relatively high",
2025-12-16T06:57:05Z,106355,"Elon Musk # tweets December 19 - December 26, 2025?",elon-musk-of-tweets-december-19-december-26,Yes,BUY,0.950000,0.366349,0.583651,1086.723014,0.754522,NEUTRAL_WATCH,"side=BUY, outcome=Yes; jump=0.584, last=0.950, dominance=0.75, vol=1086.7; BUY run but price already relatively high",
2025-12-16T07:02:09Z,106355,"Elon Musk # tweets December 19 - December 26, 2025?",elon-musk-of-tweets-december-19-december-26,Yes,BUY,0.930000,0.286791,0.643209,875.843073,0.962919,NEUTRAL_WATCH,"side=BUY, outcome=Yes; jump=0.643, last=0.930, dominance=0.96, vol=875.8; BUY run but price already relatively high",
2025-12-16T07:07:09Z,106355,"Elon Musk # tweets December 19 - December 26, 2025?",elon-musk-of-tweets-december-19-december-26,No,BUY,0.930000,0.331663,0.598337,7.870000,1.000000,NEUTRAL_WATCH,"side=BUY, outcome=No; jump=0.598, last=0.930, dominance=1.00, vol=7.9; BUY run but price already relatively high",
2025-12-16T07:17:21Z,106355,"Elon Musk # tweets December 19 - December 26, 2025?",elon-musk-of-tweets-december-19-december-26,No,BUY,0.960000,0.621182,0.338818,325.000000,1.000000,NEUTRAL_WATCH,"side=BUY, outcome=No; jump=0.339, last=0.960, dominance=1.00, vol=325.0; BUY run but price already relatively high",
2025-12-16T07:26:36Z,106355,"Elon Musk # tweets December 19 - December 26, 2025?",elon-musk-of-tweets-december-19-december-26,No,BUY,0.999000,0.791800,0.207200,27.727000,1.000000,NEUTRAL_WATCH,"side=BUY, outcome=No; jump=0.207, last=0.999, dominance=1.00, vol=27.7; BUY run but price already relatively high",
2025-12-16T07:35:04Z,106355,"Elon Musk # tweets December 19 - December 26, 2025?",elon-musk-of-tweets-december-19-december-26,Yes,BUY,0.900000,0.846594,0.053406,2424.113585,0.501575,NEUTRAL_WATCH,"side=BUY, outcome=Yes; jump=0.053, last=0.900, dominance=0.50, vol=2424.1; BUY run but price already relatively high",
2025-12-16T07:40:35Z,106355,"Elon Musk # tweets December 19 - December 26, 2025?",elon-musk-of-tweets-december-19-december-26,No,BUY,0.900000,0.810511,0.089489,97.060144,0.541947,NEUTRAL_WATCH,"side=BUY, outcome=No; jump=0.089, last=0.900, dominance=0.54, vol=97.1; BUY run but price already relatively high",
2025-12-16T07:57:52Z,106355,"Elon Musk # tweets December 19 - December 26, 2025?",elon-musk-of-tweets-december-19-december-26,No,BUY,0.995000,0.954163,0.040837,3026.400000,1.000000,NEUTRAL_WATCH,"side=BUY, outcome=No; jump=0.041, last=0.995, dominance=1.00, vol=3026.4; BUY run but price already relatively high",
2025-12-16T12:45:14Z,106528,Highest temperature in Toronto on December 18?,highest-temperature-in-toronto-on-december-18,No,BUY,0.990000,0.500000,0.490000,100.000000,0.800000,NEUTRAL_WATCH,"side=BUY, outcome=No; jump=0.490, last=0.990, dominance=0.80, vol=100.0; BUY run but price already relatively high","Weekly Climate and Energy News Roundup #667 | Goliath Drills Several Holes Of High-Grade Gold Up To 10.25 g/t Au Over 7.02 Meters Within 5.20 g/t Au Over 15.00 Meters From 281m To 296m Downhole, Surebet Discovery Remains Open, Golddigger Property, Golden Triangle, B.C."
2025-12-17T11:15:16Z,107327,Highest temperature in London on December 19?,highest-temperature-in-london-on-december-19,No,BUY,0.990000,0.980000,0.010000,100.000000,1.000000,NEUTRAL_WATCH,"side=BUY, outcome=No; jump=0.010, last=0.990, dominance=1.00, vol=100.0; BUY run but price already relatively high","Proteomic profiles of Lissachatina (Heterobranchia) and Pomacea (Caenogastropoda) snails infected with Angiostrongylus cantonensis using 4D label-free quantitative analysis | The recombinant zoster vaccine induces trained immunity in monocytes through persistent downregulation of TGFβ | Meteorological and environmental drivers of West Nile virus prevalence in Culex pipiens mosquitoes in Emilia-Romagna, Italy in 2013 to 2022"
2025-12-17T11:30:19Z,107327,Highest temperature in London on December 19?,highest-temperature-in-london-on-december-19,No,BUY,0.990000,0.976000,0.014000,8.205733,1.000000,NEUTRAL_WATCH,"side=BUY, outcome=No; jump=0.014, last=0.990, dominance=1.00, vol=8.2; BUY run but price already relatively high","Proteomic profiles of Lissachatina (Heterobranchia) and Pomacea (Caenogastropoda) snails infected with Angiostrongylus cantonensis using 4D label-free quantitative analysis | The recombinant zoster vaccine induces trained immunity in monocytes through persistent downregulation of TGFβ | Meteorological and environmental drivers of West Nile virus prevalence in Culex pipiens mosquitoes in Emilia-Romagna, Italy in 2013 to 2022"
2025-12-17T11:49:57Z,107327,Highest temperature in London on December 19?,highest-temperature-in-london-on-december-19,Yes,BUY,0.990000,0.661515,0.328485,361.799831,0.868159,NEUTRAL_WATCH,"side=BUY, outcome=Yes; jump=0.328, last=0.990, dominance=0.87, vol=361.8; BUY run but price already relatively high","Proteomic profiles of Lissachatina (Heterobranchia) and Pomacea (Caenogastropoda) snails infected with Angiostrongylus cantonensis using 4D label-free quantitative analysis | Meteorological and environmental drivers of West Nile virus prevalence in Culex pipiens mosquitoes in Emilia-Romagna, Italy in 2013 to 2022 | The recombinant zoster vaccine induces trained immunity in monocytes through persistent downregulation of TGFβ"
2025-12-17T12:11:58Z,107327,Highest temperature in London on December 19?,highest-temperature-in-london-on-december-19,Yes,SELL,0.999000,0.500000,0.499000,62.791000,0.984058,CAUTION_BEARISH_SIGNAL,"side=SELL, outcome=Yes; jump=0.499, last=0.999, dominance=0.98, vol=62.8; dominant SELL flow during run window","Proteomic profiles of Lissachatina (Heterobranchia) and Pomacea (Caenogastropoda) snails infected with Angiostrongylus cantonensis using 4D label-free quantitative analysis | The recombinant zoster vaccine induces trained immunity in monocytes through persistent downregulation of TGFβ | Meteorological and environmental drivers of West Nile virus prevalence in Culex pipiens mosquitoes in Emilia-Romagna, Italy in 2013 to 2022"
2025-12-17T12:17:15Z,107327,Highest temperature in London on December 19?,highest-temperature-in-london-on-december-19,No,BUY,0.970000,0.674600,0.295400,28.950000,0.654922,NEUTRAL_WATCH,"side=BUY, outcome=No; jump=0.295, last=0.970, dominance=0.65, vol=29.0; BUY run but price already relatively high","Proteomic profiles of Lissachatina (Heterobranchia) and Pomacea (Caenogastropoda) snails infected with Angiostrongylus cantonensis using 4D label-free quantitative analysis | The recombinant zoster vaccine induces trained immunity in monocytes through persistent downregulation of TGFβ | Meteorological and environmental drivers of West Nile virus prevalence in Culex pipiens mosquitoes in Emilia-Romagna, Italy in 2013 to 2022"
2025-12-17T13:44:51Z,107327,Highest temperature in London on December 19?,highest-temperature-in-london-on-december-19,No,BUY,0.970000,0.885000,0.085000,26.932966,1.000000,NEUTRAL_WATCH,"side=BUY, outcome=No; jump=0.085, last=0.970, dominance=1.00, vol=26.9; BUY run but price already relatively high","Proteomic profiles of Lissachatina (Heterobranchia) and Pomacea (Caenogastropoda) snails infected with Angiostrongylus cantonensis using 4D label-free quantitative analysis | Meteorological and environmental drivers of West Nile virus prevalence in Culex pipiens mosquitoes in Emilia-Romagna, Italy in 2013 to 2022 | The recombinant zoster vaccine induces trained immunity in monocytes through persistent downregulation of TGFβ"
2025-12-17T14:00:18Z,107335,Highest temperature in NYC on December 19?,highest-temperature-in-nyc-on-december-19,No,BUY,0.990000,0.980000,0.010000,137.800000,1.000000,NEUTRAL_WATCH,"side=BUY, outcome=No; jump=0.010, last=0.990, dominance=1.00, vol=137.8; BUY run but price already relatively high",DynamicSeq2SeqXGB for PM2.5 imputation in extremely sparse environmental monitoring networks
2025-12-17T17:48:28Z,107627,Bitcoin price on December 24?,bitcoin-price-on-december-24,Yes,BUY,0.960000,0.660000,0.300000,20.937475,0.716419,NEUTRAL_WATCH,"side=BUY, outcome=Yes; jump=0.300, last=0.960, dominance=0.72, vol=20.9; BUY run but price already relatively high","Here Are Tuesday’s Top Wall Street Analyst Research Calls: Allstate, Chubb Ltd., Eli Lilly, KLA Corp., Lockheed Martin, MongoDB, Roku, and More | Stablecoin Market Cap Nears $310B at Record Highs Despite Crypto Crash | Can Block Shares Keep Running and Reach $100 in 2026?"
2025-12-17T17:57:03Z,107625,Ethereum above ___ on December 24?,ethereum-above-on-december-24,Yes,BUY,0.440000,0.290000,0.150000,7.590908,1.000000,AGGRESSIVE_BULLISH_SIGNAL,"side=BUY, outcome=Yes; jump=0.150, last=0.440, dominance=1.00, vol=7.6; strong BUY run, price still below 0.7","Vulnerability Summary for the Week of December 1, 2025 | Why Is Crypto Up Today? – December 2, 2025 | Top 5 Altcoin Market Movers: KAS Rebounds, SUI, BONK, XRP Rally"
2025-12-17T18:21:04Z,107627,Bitcoin price on December 24?,bitcoin-price-on-december-24,No,BUY,0.970000,0.952857,0.017143,41.752464,1.000000,NEUTRAL_WATCH,"side=BUY, outcome=No; jump=0.017, last=0.970, dominance=1.00, vol=41.8; BUY run but price already relatively high","Here Are Tuesday’s Top Wall Street Analyst Research Calls: Allstate, Chubb Ltd., Eli Lilly, KLA Corp., Lockheed Martin, MongoDB, Roku, and More | Stablecoin Market Cap Nears $310B at Record Highs Despite Crypto Crash | Can Block Shares Keep Running and Reach $100 in 2026?"
2025-12-17T18:25:14Z,107631,Bitcoin above ___ on December 24?,bitcoin-above-on-december-24,Yes,BUY,0.950000,0.498500,0.451500,107.000000,1.000000,NEUTRAL_WATCH,"side=BUY, outcome=Yes; jump=0.452, last=0.950, dominance=1.00, vol=107.0; BUY run but price already relatively high","Pudgy Penguins (PENGU) crashes 10% in 24 hours as memecoin market weakens | Why Is Crypto Up Today? – December 2, 2025 | Weekly Climate and Energy News Roundup #668"
2025-12-17T18:31:09Z,107631,Bitcoin above ___ on December 24?,bitcoin-above-on-december-24,Yes,BUY,0.950000,0.670000,0.280000,105.000000,1.000000,NEUTRAL_WATCH,"side=BUY, outcome=Yes; jump=0.280, last=0.950, dominance=1.00, vol=105.0; BUY run but price already relatively high","Pudgy Penguins (PENGU) crashes 10% in 24 hours as memecoin market weakens | Why Is Crypto Up Today? – December 2, 2025 | Weekly Climate and Energy News Roundup #668"
2025-12-17T18:43:45Z,107625,Ethereum above ___ on December 24?,ethereum-above-on-december-24,No,BUY,0.920000,0.376667,0.543333,110.000000,1.000000,NEUTRAL_WATCH,"side=BUY, outcome=No; jump=0.543, last=0.920, dominance=1.00, vol=110.0; BUY run but price already relatively high","Vulnerability Summary for the Week of December 1, 2025 | Why Is Crypto Up Today? – December 2, 2025 | Top 5 Altcoin Market Movers: KAS Rebounds, SUI, BONK, XRP Rally"
2025-12-17T18:44:59Z,107631,Bitcoin above ___ on December 24?,bitcoin-above-on-december-24,No,BUY,0.870000,0.750000,0.120000,30.000000,1.000000,NEUTRAL_WATCH,"side=BUY, outcome=No; jump=0.120, last=0.870, dominance=1.00, vol=30.0; BUY run but price already relatively high","Pudgy Penguins (PENGU) crashes 10% in 24 hours as memecoin market weakens | Why Is Crypto Up Today? – December 2, 2025 | Weekly Climate and Energy News Roundup #668"
2025-12-17T19:10:24Z,107630,Ethereum price on December 24?,ethereum-price-on-december-24,No,BUY,0.930000,0.360000,0.570000,15.000000,1.000000,NEUTRAL_WATCH,"side=BUY, outcome=No; jump=0.570, last=0.930, dominance=1.00, vol=15.0; BUY run but price already relatively high","Here Are Tuesday’s Top Wall Street Analyst Research Calls: Allstate, Chubb Ltd., Eli Lilly, KLA Corp., Lockheed Martin, MongoDB, Roku, and More | Stablecoin Market Cap Nears $310B at Record Highs Despite Crypto Crash | Vulnerability Summary for the Week of December 1, 2025"
2025-12-17T19:10:24Z,107627,Bitcoin price on December 24?,bitcoin-price-on-december-24,No,BUY,0.950000,0.940000,0.010000,18.052620,1.000000,NEUTRAL_WATCH,"side=BUY, outcome=No; jump=0.010, last=0.950, dominance=1.00, vol=18.1; BUY run but price already relatively high","Here Are Tuesday’s Top Wall Street Analyst Research Calls: Allstate, Chubb Ltd., Eli Lilly, KLA Corp., Lockheed Martin, MongoDB, Roku, and More | Stablecoin Market Cap Nears $310B at Record Highs Despite Crypto Crash | Can Block Shares Keep Running and Reach $100 in 2026?"
2025-12-17T19:35:57Z,107631,Bitcoin above ___ on December 24?,bitcoin-above-on-december-24,Yes,BUY,0.240000,0.200000,0.040000,15.000000,1.000000,AGGRESSIVE_BULLISH_SIGNAL,"side=BUY, outcome=Yes; jump=0.040, last=0.240, dominance=1.00, vol=15.0; strong BUY run, price still below 0.7","Pudgy Penguins (PENGU) crashes 10% in 24 hours as memecoin market weakens | Why Is Crypto Up Today? – December 2, 2025 | Weekly Climate and Energy News Roundup #668"
2025-12-17T19:42:23Z,107631,Bitcoin above ___ on December 24?,bitcoin-above-on-december-24,No,BUY,0.790000,0.606667,0.183333,13.000000,1.000000,NEUTRAL_WATCH,"side=BUY, outcome=No; jump=0.183, last=0.790, dominance=1.00, vol=13.0; BUY run but price already relatively high","Pudgy Penguins (PENGU) crashes 10% in 24 hours as memecoin market weakens | Why Is Crypto Up Today? – December 2, 2025 | Weekly Climate and Energy News Roundup #668"
2025-12-17T19:48:28Z,107631,Bitcoin above ___ on December 24?,bitcoin-above-on-december-24,Yes,BUY,0.930000,0.687500,0.242500,100.000000,1.000000,NEUTRAL_WATCH,"side=BUY, outcome=Yes; jump=0.243, last=0.930, dominance=1.00, vol=100.0; BUY run but price already relatively high","Pudgy Penguins (PENGU) crashes 10% in 24 hours as memecoin market weakens | Why Is Crypto Up Today? – December 2, 2025 | Weekly Climate and Energy News Roundup #668"
2025-12-17T19:53:54Z,107631,Bitcoin above ___ on December 24?,bitcoin-above-on-december-24,Yes,BUY,0.970902,0.870225,0.100676,100.010103,1.000000,NEUTRAL_WATCH,"side=BUY, outcome=Yes; jump=0.101, last=0.971, dominance=1.00, vol=100.0; BUY run but price already relatively high","Pudgy Penguins (PENGU) crashes 10% in 24 hours as memecoin market weakens | Why Is Crypto Up Today? – December 2, 2025 | Weekly Climate and Energy News Roundup #668"
2025-12-17T20:08:43Z,107631,Bitcoin above ___ on December 24?,bitcoin-above-on-december-24,No,BUY,0.930000,0.528571,0.401429,5.000000,1.000000,NEUTRAL_WATCH,"side=BUY, outcome=No; jump=0.401, last=0.930, dominance=1.00, vol=5.0; BUY run but price already relatively high","Pudgy Penguins (PENGU) crashes 10% in 24 hours as memecoin market weakens | Why Is Crypto Up Today? – December 2, 2025 | Weekly Climate and Energy News Roundup #668"
2025-12-17T20:14:20Z,107631,Bitcoin above ___ on December 24?,bitcoin-above-on-december-24,No,BUY,0.930000,0.525714,0.404286,43.000000,1.000000,NEUTRAL_WATCH,"side=BUY, outcome=No; jump=0.404, last=0.930, dominance=1.00, vol=43.0; BUY run but price already relatively high","Pudgy Penguins (PENGU) crashes 10% in 24 hours as memecoin market weakens | Why Is Crypto Up Today? – December 2, 2025 | Weekly Climate and Energy News Roundup #668"
2025-12-17T20:35:34Z,107631,Bitcoin above ___ on December 24?,bitcoin-above-on-december-24,Yes,BUY,0.960000,0.417500,0.542500,27.660400,0.954433,NEUTRAL_WATCH,"side=BUY, outcome=Yes; jump=0.542, last=0.960, dominance=0.95, vol=27.7; BUY run but price already relatively high","Pudgy Penguins (PENGU) crashes 10% in 24 hours as memecoin market weakens | Why Is Crypto Up Today? – December 2, 2025 | Weekly Climate and Energy News Roundup #668"
2025-12-18T11:45:55Z,109536,Highest temperature in Buenos Aires on December 20?,highest-temperature-in-buenos-aires-on-december-20,No,BUY,0.990000,0.980000,0.010000,24.000000,1.000000,NEUTRAL_WATCH,"side=BUY, outcome=No; jump=0.010, last=0.990, dominance=1.00, vol=24.0; BUY run but price already relatively high",
2025-12-18T17:22:34Z,109992,Bitcoin price on December 25?,bitcoin-price-on-december-25,No,BUY,0.950000,0.940000,0.010000,40.000000,1.000000,NEUTRAL_WATCH,"side=BUY, outcome=No; jump=0.010, last=0.950, dominance=1.00, vol=40.0; BUY run but price already relatively high",Bitcoin Hyper Secures $29.5M as Investors Back Bitcoin’s Next Major Leap Beyond the Base Layer | Bitcoin Hyper Secures $29.5M as Investors Back Bitcoin’s Next Upgrade Beyond the Base Layer | Spot volumes drop 66% in ‘lulls’ that often precede next cycle leg: Bitfinex
2025-12-18T17:50:19Z,109997,Bitcoin above ___ on December 25?,bitcoin-above-on-december-25,No,BUY,0.975413,0.862707,0.112707,50.183857,1.000000,NEUTRAL_WATCH,"side=BUY, outcome=No; jump=0.113, last=0.975, dominance=1.00, vol=50.2; BUY run but price already relatively high",Bitcoin Hyper Secures $29.5M as Investors Back Bitcoin’s Next Major Leap Beyond the Base Layer | Bitcoin Hyper Secures $29.5M as Investors Back Bitcoin’s Next Upgrade Beyond the Base Layer | Spot volumes drop 66% in ‘lulls’ that often precede next cycle leg: Bitfinex
2025-12-18T18:06:10Z,110001,Solana above ___ on December 25?,solana-above-on-december-25,Yes,BUY,0.970000,0.936667,0.033333,137.270000,0.845050,NEUTRAL_WATCH,"side=BUY, outcome=Yes; jump=0.033, last=0.970, dominance=0.85, vol=137.3; BUY run but price already relatively high","Bitcoin Hyper Secures $29.5M as Investors Back Bitcoin’s Next Major Leap Beyond the Base Layer | Bitcoin Hyper Secures $29.5M as Investors Back Bitcoin’s Next Upgrade Beyond the Base Layer | Stock Market Highlights 19 Nov 2025: Stock markets rebound on buying in IT counter; Sensex jumps over 513 points, NIfty 50 climbed 142.60 points to 26,052.65"
2025-12-18T18:55:46Z,110088,What will Trump say at National Defense Authorization Act signing on December 18?,what-will-trump-say-at-national-defense-authorization-act-signing-on-december-18,No,BUY,0.586047,0.502016,0.084031,34.126983,1.000000,AGGRESSIVE_BULLISH_SIGNAL,"side=BUY, outcome=No; jump=0.084, last=0.586, dominance=1.00, vol=34.1; strong BUY run, price still below 0.7",Show HN: Jeffrey Epstein's Inbox
2025-12-18T19:06:49Z,110088,What will Trump say at National Defense Authorization Act signing on December 18?,what-will-trump-say-at-national-defense-authorization-act-signing-on-december-18,Yes,BUY,0.890000,0.856802,0.033198,106.950779,0.816465,NEUTRAL_WATCH,"side=BUY, outcome=Yes; jump=0.033, last=0.890, dominance=0.82, vol=107.0; BUY run but price already relatively high",Show HN: Jeffrey Epstein's Inbox
2025-12-19T11:33:43Z,111411,Highest temperature in London on December 21?,highest-temperature-in-london-on-december-21,No,BUY,0.972022,0.887341,0.084682,89.000000,1.000000,NEUTRAL_WATCH,"side=BUY, outcome=No; jump=0.085, last=0.972, dominance=1.00, vol=89.0; BUY run but price already relatively high","Hammersmith Bridge – Where did 25,000 vehicles go? | BAGEL: Protein engineering via exploration of an energy landscape | Expression profiles of itch markers during scabies infection in a porcine scabies model"
2025-12-19T11:51:07Z,111422,Highest temperature in NYC on December 21?,highest-temperature-in-nyc-on-december-21,No,BUY,0.990000,0.897844,0.092156,465.745375,1.000000,NEUTRAL_WATCH,"side=BUY, outcome=No; jump=0.092, last=0.990, dominance=1.00, vol=465.7; BUY run but price already relatively high",
2025-12-19T11:56:47Z,111422,Highest temperature in NYC on December 21?,highest-temperature-in-nyc-on-december-21,No,BUY,0.990000,0.911009,0.078991,54.500000,1.000000,NEUTRAL_WATCH,"side=BUY, outcome=No; jump=0.079, last=0.990, dominance=1.00, vol=54.5; BUY run but price already relatively high",
2025-12-19T12:12:22Z,111411,Highest temperature in London on December 21?,highest-temperature-in-london-on-december-21,No,BUY,0.990000,0.976667,0.013333,32.051750,1.000000,NEUTRAL_WATCH,"side=BUY, outcome=No; jump=0.013, last=0.990, dominance=1.00, vol=32.1; BUY run but price already relatively high","Hammersmith Bridge – Where did 25,000 vehicles go? | BAGEL: Protein engineering via exploration of an energy landscape | Expression profiles of itch markers during scabies infection in a porcine scabies model"
2025-12-19T17:09:33Z,111822,What will Trump say during the announcement on December 19?,what-will-trump-say-during-the-announcement-on-december-19-996,No,BUY,0.500000,0.432000,0.068000,10.000000,1.000000,AGGRESSIVE_BULLISH_SIGNAL,"side=BUY, outcome=No; jump=0.068, last=0.500, dominance=1.00, vol=10.0; strong BUY run, price still below 0.7",
2025-12-19T17:14:36Z,111822,What will Trump say during the announcement on December 19?,what-will-trump-say-during-the-announcement-on-december-19-996,No,BUY,0.500000,0.442000,0.058000,46.357141,1.000000,AGGRESSIVE_BULLISH_SIGNAL,"side=BUY, outcome=No; jump=0.058, last=0.500, dominance=1.00, vol=46.4; strong BUY run, price still below 0.7",
